0.000000000000000000e+00,0.000000000000000000e+00
2.083333333333333218e-02,-8.952641584380648387e-01
4.166666666666666435e-02,-2.930481569801515751e-02
6.250000000000000000e-02,7.705986855288717852e-01
8.333333333333332871e-02,-9.523136937730242169e-03
1.041666666666666574e-01,-7.652496316730187376e-01
1.250000000000000000e-01,-1.630875157180580737e-02
1.458333333333333148e-01,8.160000648602254714e-01
1.666666666666666574e-01,4.389355870139427518e-02
1.875000000000000000e-01,-7.392631838307071046e-01
2.083333333333333148e-01,1.397168578473911849e-03
2.291666666666666574e-01,7.437954689776599126e-01
2.500000000000000000e-01,-2.064791264608220600e-02
2.708333333333333148e-01,-6.840262316218953531e-01
2.916666666666666297e-01,7.806791523575515312e-02
3.125000000000000000e-01,8.860671540511144695e-01
3.333333333333333148e-01,1.847743302928178677e-01
3.541666666666666297e-01,-6.016777611890239408e-01
3.750000000000000000e-01,1.282495287957753916e-01
3.958333333333333148e-01,6.854087968844977397e-01
4.166666666666666297e-01,-7.904837005827683449e-02
4.375000000000000000e-01,-8.446200866304176547e-01
4.583333333333333148e-01,-7.488637735598865919e-02
4.791666666666666297e-01,6.837683910028882206e-01
5.000000000000000000e-01,-7.331023582754753187e-02
5.208333333333332593e-01,-8.388442527090416156e-01
5.416666666666666297e-01,-5.161561056024513428e-02
5.625000000000000000e-01,7.627064812897307311e-01
5.833333333333332593e-01,-3.624218131870873827e-02
6.041666666666666297e-01,-7.278356058397048578e-01
6.250000000000000000e-01,-5.653424989057742600e-05
6.458333333333332593e-01,7.612842071323155935e-01
6.666666666666666297e-01,1.639807006069288198e-02
6.875000000000000000e-01,-7.718788932669682357e-01
7.083333333333332593e-01,4.890969722704741063e-02
7.291666666666666297e-01,7.652655304128447300e-01
7.500000000000000000e-01,8.715188690926967130e-03
7.708333333333332593e-01,-6.868279604496336788e-01
7.916666666666666297e-01,5.286708335801046377e-02
8.125000000000000000e-01,7.510333120033617638e-01
8.333333333333332593e-01,-2.451968610540208870e-02
8.541666666666666297e-01,-7.384655147399242781e-01
8.750000000000000000e-01,3.339120527689340423e-02
8.958333333333332593e-01,7.631099948235715580e-01
9.166666666666666297e-01,-2.698587372164357179e-03
9.375000000000000000e-01,-7.772426824106521970e-01
9.583333333333332593e-01,-3.457521144708322614e-02
9.791666666666666297e-01,7.139788334001171410e-01
1.000000000000000000e+00,-4.164373126309914297e-02
1.020833333333333259e+00,-8.042111011719403901e-01
1.041666666666666519e+00,-7.429361432882006233e-02
1.062500000000000000e+00,6.706578921517467595e-01
1.083333333333333259e+00,-7.970744370154198011e-02
1.104166666666666519e+00,-6.238506528335223678e-01
1.125000000000000000e+00,1.096267004702639047e-01
1.145833333333333259e+00,8.541995492992421335e-01
1.166666666666666519e+00,1.039819123866728146e-01
1.187500000000000000e+00,-6.178058272189561606e-01
1.208333333333333259e+00,1.525299815278522986e-01
1.229166666666666519e+00,8.755836355258620474e-01
1.250000000000000000e+00,1.058207793701886057e-01
1.270833333333333259e+00,-6.706523372106056868e-01
1.291666666666666519e+00,9.299246613385828142e-02
1.312500000000000000e+00,7.006824502684669831e-01
1.333333333333333259e+00,-4.413742385386254519e-02
1.354166666666666519e+00,-7.880215209063237136e-01
1.375000000000000000e+00,-1.858871083650620593e-02
1.395833333333333259e+00,7.446489499529547196e-01
1.416666666666666519e+00,4.580603980146702447e-03
1.437500000000000000e+00,-7.370541580987750585e-01
1.458333333333333259e+00,1.420734257109915188e-02
1.479166666666666519e+00,7.647323760292015216e-01
1.500000000000000000e+00,8.739677616941443627e-03
1.520833333333333259e+00,-7.583823754210461399e-01
1.541666666666666519e+00,4.615599204071049733e-02
1.562500000000000000e+00,7.841956903432286685e-01
1.583333333333333259e+00,5.246019874244223224e-03
1.604166666666666519e+00,-7.104596103439356769e-01
1.625000000000000000e+00,8.225295025438672525e-02
1.645833333333333259e+00,5.964557976048502352e-01
1.666666666666666519e+00,-1.604121147954466198e-01
1.687500000000000000e+00,-9.145779466151604531e-01
1.708333333333333259e+00,-1.743383716641949133e-01
1.729166666666666519e+00,6.009889693634209440e-01
1.750000000000000000e+00,-1.725237922110209321e-01
1.770833333333333259e+00,-5.979519204302390367e-01
1.791666666666666519e+00,1.666272270349169193e-01
1.812500000000000000e+00,8.959224253364420631e-01
1.833333333333333259e+00,1.319957539200531937e-01
1.854166666666666519e+00,-6.414703529350406219e-01
1.875000000000000000e+00,1.145759206646282113e-01
1.895833333333333259e+00,6.512407217216409361e-01
1.916666666666666519e+00,-8.087405869355293597e-02
1.937500000000000000e+00,-8.587049343629835629e-01
1.958333333333333259e+00,-1.338717333890973582e-01
1.979166666666666519e+00,6.449665260243254705e-01
2.000000000000000000e+00,-8.478670790515213662e-02
2.020833333333333037e+00,-8.203658750489237761e-01
2.041666666666666519e+00,-5.300195203314300718e-02
2.062500000000000000e+00,7.140026713207585640e-01
2.083333333333333037e+00,-4.336796266853201742e-02
2.104166666666666519e+00,-7.862551699339112021e-01
2.125000000000000000e+00,-1.964018472639886270e-02
2.145833333333333037e+00,7.359276816075873695e-01
2.166666666666666519e+00,-5.635871641910455976e-03
2.187500000000000000e+00,-7.387169067934815647e-01
2.208333333333333037e+00,-1.974246503561405408e-02
2.229166666666666519e+00,7.333637219857842560e-01
2.250000000000000000e+00,7.623082501737599159e-03
2.270833333333333037e+00,-7.284364027130216801e-01
2.291666666666666519e+00,5.278382357161670591e-02
2.312500000000000000e+00,7.706630138292340781e-01
2.333333333333333037e+00,1.500469006282612039e-02
2.354166666666666519e+00,-7.285536780059069795e-01
2.375000000000000000e+00,2.461803857413691343e-02
2.395833333333333037e+00,8.079254496724334045e-01
2.416666666666666519e+00,3.462578710198457865e-02
2.437500000000000000e+00,-7.316317540669212693e-01
2.458333333333333037e+00,2.056293150632301781e-02
2.479166666666666519e+00,7.906549024601758902e-01
2.500000000000000000e+00,9.785160425088729186e-03
2.520833333333333037e+00,-7.498816458156227771e-01
2.541666666666666519e+00,-2.566859721004732808e-03
2.562500000000000000e+00,7.452464571618837574e-01
2.583333333333333037e+00,-2.237560440280847440e-02
2.604166666666666519e+00,-7.893980093969222844e-01
2.625000000000000000e+00,-1.985530860727616198e-02
2.645833333333333037e+00,7.449607788855162616e-01
2.666666666666666519e+00,-3.212165195554700370e-03
2.687500000000000000e+00,-7.477559155302009319e-01
2.708333333333333037e+00,1.221338822378975619e-02
2.729166666666666519e+00,7.797425343244531737e-01
2.750000000000000000e+00,8.269030427632689806e-03
2.770833333333333037e+00,-7.389986891746918030e-01
2.791666666666666519e+00,2.581753337006567617e-02
2.812500000000000000e+00,7.864979199272881250e-01
2.833333333333333037e+00,3.083217968874374382e-02
2.854166666666666519e+00,-7.219838501260296137e-01
2.875000000000000000e+00,4.686925114357717859e-02
2.895833333333333037e+00,7.805489122442853533e-01
2.916666666666666519e+00,1.120980878243374446e-02
2.937500000000000000e+00,-7.541618644649900061e-01
2.958333333333333037e+00,1.495483449218840133e-02
2.979166666666666519e+00,7.858238215911399482e-01
3.000000000000000000e+00,1.327586599546165536e-02
3.020833333333333037e+00,-7.346228951677735708e-01
3.041666666666666519e+00,2.323418625658860148e-02
3.062500000000000000e+00,7.717415028058527415e-01
3.083333333333333037e+00,7.546611033418748615e-03
3.104166666666666519e+00,-7.578747189148724583e-01
3.125000000000000000e+00,5.196590909880227649e-03
3.145833333333333037e+00,7.606821360164109924e-01
3.166666666666666519e+00,6.845401042261944902e-04
3.187500000000000000e+00,-7.706573424233635894e-01
3.208333333333333037e+00,-9.934766182582127625e-03
3.229166666666666519e+00,7.311173417148023601e-01
3.250000000000000000e+00,-1.093189809584405037e-02
3.270833333333333037e+00,-7.605629414786605480e-01
3.291666666666666519e+00,2.260114691211778659e-02
3.312500000000000000e+00,7.911258617128814619e-01
3.333333333333333037e+00,2.189602979660792981e-02
3.354166666666666519e+00,-7.098965642456315228e-01
3.375000000000000000e+00,5.125604244858047998e-02
3.395833333333333037e+00,7.507689863976806377e-01
3.416666666666666519e+00,-1.189740546705453372e-03
3.437500000000000000e+00,-7.622832288147038948e-01
3.458333333333333037e+00,1.792296283622613062e-02
3.479166666666666519e+00,7.895350842771031719e-01
3.500000000000000000e+00,4.445732542764407880e-02
3.520833333333333037e+00,-6.937410904828846814e-01
3.541666666666666519e+00,8.505815950765441280e-02
3.562500000000000000e+00,5.047438886132153968e-01
3.583333333333333037e+00,-2.568766330356672678e-01
3.604166666666666519e+00,-7.229664833909255073e-01
3.625000000000000000e+00,-3.089115228051333983e-02
3.645833333333333037e+00,6.619611404169492008e-01
3.666666666666666519e+00,-5.328266558411906550e-02
3.687500000000000000e+00,-7.692578248573322952e-01
3.708333333333333037e+00,-2.922486117188510812e-02
3.729166666666666519e+00,6.860715025940644640e-01
3.750000000000000000e+00,-8.045723534425019974e-02
3.770833333333333037e+00,-7.868507406033656837e-01
3.791666666666666519e+00,-4.527193427913189794e-03
3.812500000000000000e+00,7.559717878532248303e-01
3.833333333333333037e+00,9.503298595198744758e-03
3.854166666666666519e+00,-7.799723854913616083e-01
3.875000000000000000e+00,-6.690261983197054452e-03
3.895833333333333037e+00,7.600823822425371024e-01
3.916666666666666519e+00,1.444122648924042740e-02
3.937500000000000000e+00,-7.311591882719814528e-01
3.958333333333333037e+00,-1.125566651716208844e-02
3.979166666666666519e+00,7.399338016685913511e-01
4.000000000000000000e+00,-2.357256353596492993e-02
4.020833333333333037e+00,-7.787644436968875761e-01
4.041666666666666075e+00,-3.426550090598540210e-02
4.062500000000000000e+00,7.138025600853252772e-01
4.083333333333333037e+00,-1.825915389411125744e-02
4.104166666666666075e+00,-7.217334346624257879e-01
4.125000000000000000e+00,4.310674010251688837e-02
4.145833333333333037e+00,8.164794275185365269e-01
4.166666666666666075e+00,2.563191800336300785e-02
4.187500000000000000e+00,-7.375382437751064613e-01
4.208333333333333037e+00,4.788250896672971435e-02
4.229166666666666075e+00,8.296932631400674163e-01
4.250000000000000000e+00,7.232836744681253593e-02
4.270833333333333037e+00,-6.813557920459355488e-01
4.291666666666666075e+00,8.954350868898827698e-02
4.312500000000000000e+00,8.435245389304215635e-01
4.333333333333333037e+00,4.362775337564978040e-02
4.354166666666666075e+00,-6.798921142650855565e-01
4.375000000000000000e+00,9.736483859336786395e-02
4.395833333333333037e+00,8.855921968188195104e-01
4.416666666666666075e+00,1.069151409633493921e-01
4.437500000000000000e+00,-6.795693379102824005e-01
4.458333333333333037e+00,6.571174056746370562e-02
4.479166666666666075e+00,6.192551686208495054e-01
4.500000000000000000e+00,-1.559925073392201267e-01
4.520833333333333037e+00,-8.970685590676655830e-01
4.541666666666666075e+00,-1.393074952622926077e-01
4.562500000000000000e+00,5.963496790832617522e-01
4.583333333333333037e+00,-1.605551388385266787e-01
4.604166666666666075e+00,-6.957041027786170506e-01
4.625000000000000000e+00,9.199285475895035979e-02
4.645833333333333037e+00,8.341444471123723448e-01
4.666666666666666075e+00,6.272788156712463814e-02
4.687500000000000000e+00,-6.873210142437085057e-01
4.708333333333333037e+00,7.890999915090851635e-02
4.729166666666666075e+00,8.192811874726811938e-01
4.750000000000000000e+00,6.513194110664308201e-02
4.770833333333333037e+00,-6.701126915147259666e-01
4.791666666666666075e+00,6.720699023053719467e-02
4.812500000000000000e+00,7.128915227862855364e-01
4.833333333333333037e+00,-4.669331521208613944e-02
4.854166666666666075e+00,-8.011631691436107428e-01
4.875000000000000000e+00,-6.545402015248374950e-02
4.895833333333333037e+00,6.785863004282781663e-01
4.916666666666666075e+00,-7.955113292790522150e-02
4.937500000000000000e+00,-8.416094907762594612e-01
4.958333333333333037e+00,-1.062305609538132523e-01
4.979166666666666075e+00,6.525954164852083572e-01
5.000000000000000000e+00,-9.936649745555306557e-02
5.020833333333333037e+00,-7.235836048731244530e-01
5.041666666666666075e+00,2.382545237295205509e-02
5.062500000000000000e+00,7.776091133065279326e-01
5.083333333333333037e+00,3.602055037395995862e-02
5.104166666666666075e+00,-7.480778073237684955e-01
5.125000000000000000e+00,-1.797049218730975562e-02
5.145833333333333037e+00,7.406387817574412447e-01
5.166666666666666075e+00,1.856852302888920003e-02
5.187500000000000000e+00,-7.512086003060476358e-01
5.208333333333333037e+00,-4.548634410163066022e-04
5.229166666666666075e+00,7.837061340906401607e-01
5.250000000000000000e+00,3.652541505501843977e-02
5.270833333333333037e+00,-6.962242120985386862e-01
5.291666666666666075e+00,3.171649385402111609e-02
5.312500000000000000e+00,7.703972731085269032e-01
5.333333333333333037e+00,-4.935354280635739777e-04
5.354166666666666075e+00,-7.289847987745394775e-01
5.375000000000000000e+00,4.524449160593171926e-02
5.395833333333333037e+00,8.115595437840052995e-01
5.416666666666666075e+00,3.866097236449525520e-02
5.437500000000000000e+00,-7.201281197451511185e-01
5.458333333333333037e+00,1.551473130825112290e-02
5.479166666666666075e+00,7.888532828173741018e-01
5.500000000000000000e+00,5.076039454992012367e-02
5.520833333333333037e+00,-7.073015126629148552e-01
5.541666666666666075e+00,5.625993394342787557e-02
5.562500000000000000e+00,7.681014332712343684e-01
5.583333333333333037e+00,2.955933884452011107e-02
5.604166666666666075e+00,-7.098460589962106715e-01
5.625000000000000000e+00,1.896066341521548959e-02
5.645833333333333037e+00,7.478144830330752946e-01
5.666666666666666075e+00,-1.772487881117909558e-02
5.687500000000000000e+00,-7.546929636156927135e-01
5.708333333333333037e+00,2.349267190105239211e-02
5.729166666666666075e+00,7.727541049482057334e-01
5.750000000000000000e+00,2.275317350476196987e-02
5.770833333333333037e+00,-7.121175103766407277e-01
5.791666666666666075e+00,3.110527035127266804e-02
5.812500000000000000e+00,6.804382501571066832e-01
5.833333333333333037e+00,-9.038451430818086885e-02
5.854166666666666075e+00,-7.890829565347217134e-01
5.875000000000000000e+00,-6.663652921065116308e-02
5.895833333333333037e+00,7.035209035652260079e-01
5.916666666666666075e+00,-1.588623417710829933e-02
5.937500000000000000e+00,-8.039575675448145109e-01
5.958333333333333037e+00,-4.893283412438487190e-02
5.979166666666666075e+00,7.104364891294525641e-01
6.000000000000000000e+00,-5.781653191042604445e-02
6.020833333333333037e+00,-8.127252967813056728e-01
6.041666666666666075e+00,-6.863705592047250614e-02
6.062500000000000000e+00,6.637350174308237483e-01
6.083333333333333037e+00,-8.047544491767444352e-02
6.104166666666666075e+00,-7.969424622739069708e-01
6.125000000000000000e+00,-1.784330371517103830e-02
6.145833333333333037e+00,7.123586197169889944e-01
6.166666666666666075e+00,-6.218080016380100883e-02
6.187500000000000000e+00,-6.370178528666307072e-01
6.208333333333333037e+00,1.530257873888358489e-01
6.229166666666666075e+00,8.673860902270141837e-01
6.250000000000000000e+00,1.332958967076351697e-01
6.270833333333333037e+00,-6.174775739041895584e-01
6.291666666666666075e+00,1.492456584499636252e-01
6.312500000000000000e+00,6.136152655994103755e-01
6.333333333333333037e+00,-1.679118068662196483e-01
6.354166666666666075e+00,-7.864592156376121190e-01
6.375000000000000000e+00,-2.003250428150649132e-02
6.395833333333333037e+00,7.429375064866661216e-01
6.416666666666666075e+00,2.019841424933305207e-02
6.437500000000000000e+00,-7.858968445790237567e-01
6.458333333333333037e+00,-4.226090222777159622e-02
6.479166666666666075e+00,7.128796160772664647e-01
6.500000000000000000e+00,-3.105856268002046838e-02
6.520833333333333037e+00,-7.692822884172121345e-01
6.541666666666666075e+00,-2.846608149855422987e-02
6.562500000000000000e+00,7.272625972619070067e-01
6.583333333333333037e+00,-1.271605105394324475e-02
6.604166666666666075e+00,-7.805611889780130763e-01
6.625000000000000000e+00,-2.149980543711432768e-02
6.645833333333333037e+00,7.100377089949462261e-01
6.666666666666666075e+00,-5.199578384254949226e-02
6.687500000000000000e+00,-7.848433611153814438e-01
6.708333333333333037e+00,-4.290918377575525522e-02
6.729166666666666075e+00,7.452368813961874894e-01
6.750000000000000000e+00,-2.621092260912052940e-02
6.770833333333333037e+00,-6.948268369058256955e-01
6.791666666666666075e+00,9.657066840438635613e-02
6.812500000000000000e+00,8.840551753974272842e-01
6.833333333333333037e+00,1.208341385844393656e-01
6.854166666666666075e+00,-6.477475968104039472e-01
6.875000000000000000e+00,1.271042493284020303e-01
6.895833333333333037e+00,7.514632156540987928e-01
6.916666666666666075e+00,4.529221658072651868e-03
6.937500000000000000e+00,-7.474653760397143021e-01
6.958333333333333037e+00,3.471347178467834582e-02
6.979166666666666075e+00,7.837356193390052628e-01
7.000000000000000000e+00,2.282139591240883725e-02
7.020833333333333037e+00,-7.107761560063488027e-01
7.041666666666666075e+00,1.555101744141418330e-02
7.062500000000000000e+00,7.645568229982799835e-01
7.083333333333333037e+00,3.834938702844004066e-02
7.104166666666666075e+00,-6.821101830403906163e-01
7.125000000000000000e+00,3.862376160896621724e-02
7.145833333333333037e+00,6.816163891963438193e-01
7.166666666666666075e+00,-7.200083954214994697e-02
7.187500000000000000e+00,-8.165927567752072624e-01
7.208333333333333037e+00,-8.399125582160163472e-02
7.229166666666666075e+00,6.927043561431223129e-01
7.250000000000000000e+00,-5.941755033082390947e-02
7.270833333333333037e+00,-8.168406321637470269e-01
7.291666666666666075e+00,-6.191646585804419511e-02
7.312500000000000000e+00,7.031733391285951429e-01
7.333333333333333037e+00,-8.081042386980183401e-02
7.354166666666666075e+00,-8.685415268637034503e-01
7.375000000000000000e+00,-9.809864969197987228e-02
7.395833333333333037e+00,6.740636956339178809e-01
7.416666666666666075e+00,-1.266683290359079117e-01
7.437500000000000000e+00,-5.790790285640501356e-01
7.458333333333333037e+00,1.861938927297636104e-01
7.479166666666666075e+00,9.412695582509089665e-01
7.500000000000000000e+00,1.647436333811859166e-01
7.520833333333333037e+00,-5.890110989387165041e-01
7.541666666666666075e+00,1.126218948685661914e-01
7.562500000000000000e+00,5.452486075756010075e-01
7.583333333333333037e+00,-1.915097465912374841e-01
7.604166666666666075e+00,-7.562296801568240134e-01
7.625000000000000000e+00,1.922023761137420239e-02
7.645833333333333037e+00,7.236209443011166753e-01
7.666666666666666075e+00,6.006666121546350157e-03
7.687500000000000000e+00,-7.669035552519091192e-01
7.708333333333333037e+00,-5.390461099388008104e-02
7.729166666666666075e+00,7.317747104199510133e-01
7.750000000000000000e+00,-1.609817976592206601e-02
7.770833333333333037e+00,-7.674853491481941070e-01
7.791666666666666075e+00,-2.103839631718787406e-02
7.812500000000000000e+00,7.209867937441065688e-01
7.833333333333333037e+00,-4.532095691409629423e-02
7.854166666666666075e+00,-7.907855969913767380e-01
7.875000000000000000e+00,-5.307130562825507214e-02
7.895833333333333037e+00,7.133565974090633199e-01
7.916666666666666075e+00,-6.464167059014935823e-02
7.937500000000000000e+00,-7.344389863338229851e-01
7.958333333333333037e+00,2.400437724603554646e-02
7.979166666666666075e+00,7.790963294807282669e-01
8.000000000000000000e+00,3.404299774664271139e-02
8.020833333333332149e+00,-7.212380309577572923e-01
8.041666666666666075e+00,1.243344945561816739e-02
8.062500000000000000e+00,7.726820994171795798e-01
8.083333333333332149e+00,2.035379359171779479e-02
8.104166666666666075e+00,-7.571972643746596177e-01
8.125000000000000000e+00,3.349901488057688281e-02
8.145833333333332149e+00,7.774410457588427636e-01
8.166666666666666075e+00,-7.572534696462712711e-03
8.187500000000000000e+00,-7.731177378102944697e-01
8.208333333333332149e+00,2.212170862086473844e-02
8.229166666666666075e+00,7.733278823683238379e-01
8.250000000000000000e+00,2.340050842894175753e-02
8.270833333333332149e+00,-7.479297610016891751e-01
8.291666666666666075e+00,7.658186570840413987e-03
8.312500000000000000e+00,7.477415294308377147e-01
8.333333333333332149e+00,-1.272417130276112807e-02
8.354166666666666075e+00,-7.273931017028796298e-01
8.375000000000000000e+00,5.494169895102749002e-02
8.395833333333332149e+00,7.991092778972339605e-01
8.416666666666666075e+00,2.872334718219332617e-02
8.437500000000000000e+00,-7.438054216168609178e-01
8.458333333333332149e+00,4.826451041116752716e-02
8.479166666666666075e+00,8.027379492554592710e-01
8.500000000000000000e+00,3.350598291728781875e-02
8.520833333333332149e+00,-7.212717364220226912e-01
8.541666666666666075e+00,1.296691445413325483e-02
8.562500000000000000e+00,7.692341214567059993e-01
8.583333333333332149e+00,2.184613247690758708e-02
8.604166666666666075e+00,-7.048944524376683507e-01
8.625000000000000000e+00,7.201410739741559430e-02
8.645833333333332149e+00,7.920938411073682461e-01
8.666666666666666075e+00,4.278336924484149595e-02
8.687500000000000000e+00,-7.164422723950294447e-01
8.708333333333332149e+00,4.986206356090011615e-02
8.729166666666666075e+00,5.996720184077813931e-01
8.750000000000000000e+00,-1.665287603991275622e-01
8.770833333333332149e+00,-9.647247198018134018e-01
8.791666666666666075e+00,-1.683723816092894121e-01
8.812500000000000000e+00,5.717812009454534827e-01
8.833333333333332149e+00,-1.137359558856321229e-01
8.854166666666666075e+00,-5.884447407631125948e-01
8.875000000000000000e+00,1.825235993552359604e-01
8.895833333333332149e+00,8.751865410112201760e-01
8.916666666666666075e+00,9.152612438825843966e-02
8.937500000000000000e+00,-6.595017574685366757e-01
8.958333333333332149e+00,9.341414182684137923e-02
8.979166666666666075e+00,6.730988915986697574e-01
9.000000000000000000e+00,-5.655558524949716448e-02
9.020833333333332149e+00,-7.935839864769884677e-01
9.041666666666666075e+00,-2.689057581497500404e-02
9.062500000000000000e+00,6.951657412837002337e-01
9.083333333333332149e+00,-6.858925684483280216e-02
9.104166666666666075e+00,-8.175279036765198404e-01
9.125000000000000000e+00,-3.755023192066730964e-02
9.145833333333332149e+00,7.459081530070489352e-01
9.166666666666666075e+00,-8.282944816220161321e-02
9.187500000000000000e+00,-9.103108073410821621e-01
9.208333333333332149e+00,-1.456030214522053279e-01
9.229166666666666075e+00,6.592457038992609597e-01
9.250000000000000000e+00,-4.766527389610006327e-02
9.270833333333332149e+00,-5.754213639611451825e-01
9.291666666666666075e+00,1.872742145162290539e-01
9.312500000000000000e+00,9.458464246588584867e-01
9.333333333333332149e+00,1.813505989468374713e-01
9.354166666666666075e+00,-5.650385216688691425e-01
9.375000000000000000e+00,3.254500104332609667e-02
9.395833333333332149e+00,6.604900639481617874e-01
9.416666666666666075e+00,-9.292870274761552696e-02
9.437500000000000000e+00,-8.501437810196890155e-01
9.458333333333332149e+00,-8.863106944842361057e-02
9.479166666666666075e+00,6.602516818222767814e-01
9.500000000000000000e+00,-1.100358135672709070e-01
9.520833333333332149e+00,-8.256520532384421518e-01
9.541666666666666075e+00,-4.375787263477487476e-02
9.562500000000000000e+00,7.026276233860289100e-01
9.583333333333332149e+00,-1.015366891635278712e-01
9.604166666666666075e+00,-7.131806584212617706e-01
9.625000000000000000e+00,4.142286856787669169e-02
9.645833333333332149e+00,8.091298601079482955e-01
9.666666666666666075e+00,7.328337787901859079e-02
9.687500000000000000e+00,-6.740159685726569982e-01
9.708333333333332149e+00,5.252475997319147605e-02
9.729166666666666075e+00,8.343110057979415961e-01
9.750000000000000000e+00,1.054408177609006680e-01
9.770833333333332149e+00,-6.725565120565489829e-01
9.791666666666666075e+00,2.932950221055366513e-02
9.812500000000000000e+00,7.979444241824318329e-01
9.833333333333332149e+00,7.838488743049679131e-02
9.854166666666666075e+00,-7.273178618858376909e-01
9.875000000000000000e+00,-9.056269826826196523e-03
9.895833333333332149e+00,7.532464566594085920e-01
9.916666666666666075e+00,-4.066690333518585554e-03
9.937500000000000000e+00,-7.494797497292990940e-01
9.958333333333332149e+00,1.040404189654484113e-02
9.979166666666666075e+00,7.537763785619049361e-01
1.000000000000000000e+01,2.326414082457933796e-02
1.002083333333333215e+01,-7.814958614811040594e-01
1.004166666666666607e+01,-1.490544004268290479e-02
1.006250000000000000e+01,7.533543185768601935e-01
1.008333333333333215e+01,1.304037453612705288e-02
1.010416666666666607e+01,-7.380078861890606579e-01
1.012500000000000000e+01,4.304157026232036110e-02
1.014583333333333215e+01,8.043210727758033363e-01
1.016666666666666607e+01,6.372499733952152745e-03
1.018750000000000000e+01,-7.761175606371440994e-01
1.020833333333333215e+01,-2.175130588183965541e-02
1.022916666666666607e+01,7.217316513362785901e-01
1.025000000000000000e+01,-1.229987567528406656e-02
1.027083333333333215e+01,-7.816749494939334575e-01
1.029166666666666607e+01,-5.157265381233633317e-02
1.031250000000000000e+01,7.122032232378218142e-01
1.033333333333333215e+01,4.905594464846202429e-03
1.035416666666666607e+01,-7.315506936987610231e-01
1.037500000000000000e+01,-4.646411430411778731e-04
1.039583333333333215e+01,7.445582810979620714e-01
1.041666666666666607e+01,2.588964505545124362e-02
1.043750000000000000e+01,-6.991890281147541408e-01
1.045833333333333215e+01,5.456056532176553620e-02
1.047916666666666607e+01,8.154884143470552127e-01
1.050000000000000000e+01,5.616042295510081939e-02
1.052083333333333215e+01,-7.084258448553359955e-01
1.054166666666666607e+01,4.740950729734685898e-02
1.056250000000000000e+01,6.366660694712527047e-01
1.058333333333333215e+01,-1.425036376609329081e-01
1.060416666666666607e+01,-8.942044356757739010e-01
1.062500000000000000e+01,-9.846930363084188675e-02
1.064583333333333215e+01,6.179554040176773455e-01
1.066666666666666607e+01,-1.485857243671048766e-01
1.068750000000000000e+01,-7.480542024787627531e-01
1.070833333333333215e+01,2.854035972367452434e-02
1.072916666666666607e+01,8.082254512258990609e-01
1.075000000000000000e+01,4.099498147215510646e-02
1.077083333333333215e+01,-7.417084666165399964e-01
1.079166666666666607e+01,1.433853138750570966e-02
1.081250000000000000e+01,7.654685457185802511e-01
1.083333333333333215e+01,-4.977508842899602826e-03
1.085416666666666607e+01,-7.729192715662823732e-01
1.087500000000000000e+01,-2.940571234624195229e-02
1.089583333333333215e+01,7.107712443138576308e-01
1.091666666666666607e+01,-3.551890052835265932e-02
1.093750000000000000e+01,-7.934625957599514834e-01
1.095833333333333215e+01,-1.674195004978679124e-02
1.097916666666666607e+01,7.169940312562931295e-01
1.100000000000000000e+01,-2.223906865432556668e-04
1.102083333333333215e+01,-7.935714740883921259e-01
1.104166666666666607e+01,-2.910311879688312620e-02
1.106250000000000000e+01,7.375635074297569593e-01
1.108333333333333215e+01,-4.156839378000151686e-02
1.110416666666666607e+01,-8.302127603324186422e-01
1.112500000000000000e+01,-2.312322044400558219e-02
1.114583333333333215e+01,7.400091784343292289e-01
1.116666666666666607e+01,-4.431005563545697967e-02
1.118750000000000000e+01,-7.372028315960417189e-01
1.120833333333333215e+01,1.549083351061938951e-02
1.122916666666666607e+01,7.965419620419150748e-01
1.125000000000000000e+01,4.785016977328898635e-02
1.127083333333333215e+01,-6.942754515404720994e-01
1.129166666666666607e+01,2.528042037368813388e-02
1.131250000000000000e+01,7.404366551889223214e-01
1.133333333333333215e+01,-1.791306126052899517e-02
1.135416666666666607e+01,-7.683416808965022327e-01
1.137500000000000000e+01,4.233525301542734320e-02
1.139583333333333215e+01,8.178351240226213736e-01
1.141666666666666607e+01,3.868083251752824081e-02
1.143750000000000000e+01,-7.357726908435757718e-01
1.145833333333333215e+01,5.990554097476255557e-02
1.147916666666666607e+01,8.143797507600398777e-01
1.150000000000000000e+01,5.647114558860644173e-02
1.152083333333333215e+01,-7.085653719018705221e-01
1.154166666666666607e+01,6.039060674462592981e-02
1.156250000000000000e+01,8.210520748395606638e-01
1.158333333333333215e+01,7.980948817863187106e-02
1.160416666666666607e+01,-6.988525100594584760e-01
1.162500000000000000e+01,5.316837483550421184e-02
1.164583333333333215e+01,7.311671497199081493e-01
1.166666666666666607e+01,-4.199740820603939384e-02
1.168750000000000000e+01,-8.058638888786204824e-01
1.170833333333333215e+01,-5.478301794076984033e-02
1.172916666666666607e+01,6.924352385523233622e-01
1.175000000000000000e+01,-7.358081978677480373e-02
1.177083333333333215e+01,-8.327645934436507247e-01
1.179166666666666607e+01,-8.106448444612959769e-02
1.181250000000000000e+01,6.676361100740376697e-01
1.183333333333333215e+01,-4.357205433764205216e-02
1.185416666666666607e+01,-8.043575693097191337e-01
1.187500000000000000e+01,-7.758455708273914730e-02
1.189583333333333215e+01,6.483007054637197619e-01
1.191666666666666607e+01,-9.774308987194602061e-02
1.193750000000000000e+01,-6.934912556001681105e-01
1.195833333333333215e+01,8.206485132463298138e-02
1.197916666666666607e+01,8.246474731199935349e-01
